handle,likes,comments,engagement
lvciaeats,285.9166666666667,164.0,7.8932748
tracy_in_nyc,361.3333333333333,27.833333333333332,10.518018149999998
lilys_munchies,242.16666666666666,38.0,6.515503941666668
foodi_byte,238.33333333333334,106.75,23.005555416666667
